athleteId,hand,rank
1455,L,98.0
1510,L,387.0
1684,R,
2130,R,703.0
2245,R,
2611,R,30.0
2653,R,
2767,R,590.0
3039,R,
3378,R,
3652,L,247.0
4057,R,31.0
4164,L,53.0
4212,R,124.0
4288,L,
4388,R,125.0
4485,L,259.0
4633,R,86.0
4955,L,8.0
5194,R,419.0
5250,R,10.0
5355,R,281.0
5443,L,149.0
5505,R,
5623,R,
5815,R,86.0
5966,R,597.0
6023,R,
6189,R,
6219,R,
6433,R,49.0
6847,R,
7227,R,61.0
7718,R,
8025,R,
8244,L,411.0
8506,R,39.0
8746,R,34.0
9163,R,
9283,R,24.0
9370,L,61.0
9426,R,24.0
9599,R,351.0
9733,R,6.0
9835,R,18.0
9993,R,1.0
10183,R,35.0
10250,R,424.0
10379,R,40.0
10556,R,
10773,R,
10813,R,79.0
11021,R,56.0
11122,R,572.0
11494,R,106.0
12054,R,
12127,R,
12269,R,13.0
12376,R,
12428,R,78.0
12532,L,59.0
12611,R,3.0
12691,L,51.0
12963,R,48.0
13138,R,
13412,L,209.0
13436,R,43.0
13485,R,
13682,R,123.0
13725,R,291.0
13869,R,46.0
13949,R,
14212,R,
14432,L,
14496,R,
14698,R,273.0
14734,R,344.0
14940,R,
14997,R,16.0
15071,R,
15163,R,21.0
15200,R,112.0
15335,L,190.0
15354,R,150.0
15411,R,60.0
15615,R,151.0
15780,R,136.0
15807,R,746.0
15860,R,1.0
16021,R,91.0
16112,R,166.0
16335,R,
16385,R,73.0
16420,R,
16463,R,44.0
16728,R,396.0
16790,R,152.0
17054,R,
17138,L,227.0
17179,L,71.0
17386,R,668.0
17455,R,203.0
17514,R,120.0
17576,L,443.0
17622,L,102.0
17715,L,137.0
17757,R,222.0
17770,R,29.0
17929,R,83.0
17966,R,237.0
18031,L,16.0
18172,R,
18311,R,806.0
18417,R,330.0
18515,L,35.0
18610,R,58.0
18683,R,24.0
18739,R,
18861,L,53.0
18901,R,343.0
18949,R,6.0
18996,R,79.0
19090,R,85.0
19240,R,
19425,R,
19547,L,
19588,R,959.0
19616,R,65.0
19820,R,73.0
19869,R,207.0
19926,L,23.0
19943,R,
20043,R,155.0
20094,R,
20135,R,146.0
20344,R,
20450,R,17.0
20487,R,124.0
20538,R,81.0
20593,R,238.0
20632,R,69.0
20659,R,
20744,R,5.0
20789,R,
20882,L,617.0
20903,R,93.0
20944,L,
21004,R,159.0
21049,R,147.0
21099,R,
21179,L,250.0
21253,R,122.0
21409,L,175.0
21484,R,56.0
21560,R,184.0
21608,R,246.0
21667,R,249.0
21717,R,7.0
21767,R,55.0
21916,R,303.0
21943,R,
22008,R,309.0
22065,R,
22143,R,
22214,R,169.0
22285,R,43.0
22353,R,151.0
22363,R,26.0
22435,R,73.0
22462,R,276.0
22535,R,426.0
22559,R,9.0
22654,R,370.0
22668,R,323.0
22733,R,
22805,R,209.0
22832,R,119.0
22907,R,223.0
22961,R,201.0
23021,R,31.0
23061,R,
23238,R,70.0
23304,L,845.0
23375,R,307.0
23447,L,10.0
23550,R,288.0
23623,R,621.0
23681,L,15.0
23754,R,355.0
23887,R,221.0
24055,R,2.0
24108,L,22.0
24221,R,251.0
24274,R,344.0
24352,R,106.0
24407,R,316.0
24440,R,330.0
24476,L,
24505,R,
24566,L,254.0
24660,R,
24724,R,
24788,R,268.0
24838,L,
24874,R,
24894,R,47.0
24955,R,504.0
24995,R,249.0
25031,L,15.0
25104,R,163.0
25157,R,39.0
25185,R,81.0
25208,L,21.0
25310,R,
25369,L,
25453,R,
25508,R,183.0
25515,R,111.0
25620,R,947.0
25831,R,193.0
25895,R,195.0
25921,R,35.0
25947,L,141.0
25984,R,505.0
26008,L,30.0
26077,R,
26114,R,
26136,R,123.0
26147,R,94.0
26206,R,546.0
26262,R,172.0
26293,R,
26323,L,509.0
26354,R,6.0
26399,L,365.0
26425,R,153.0
26479,R,200.0
26533,R,81.0
26548,R,226.0
26577,R,
26644,L,149.0
26677,L,70.0
26708,R,45.0
26786,R,
26839,R,
26859,R,42.0
26872,R,68.0
26910,R,60.0
26943,R,310.0
26964,R,970.0
27058,R,80.0
27138,R,
27157,R,94.0
27198,R,107.0
27230,L,982.0
27260,R,
27283,R,280.0
27293,L,
27302,R,16.0
27325,R,82.0
27359,R,107.0
27401,R,131.0
27494,R,545.0
27571,R,213.0
27630,L,
27862,R,53.0
27985,L,538.0
28025,L,157.0
28068,R,322.0
28099,R,
28114,R,871.0
28162,R,35.0
28198,R,767.0
28212,R,236.0
28249,L,37.0
28282,R,292.0
28296,R,419.0
28333,R,66.0
28351,R,69.0
28400,R,157.0
28455,R,
28478,R,
28537,L,
28583,R,
28617,R,400.0
28643,R,183.0
28656,R,67.0
28698,R,137.0
28714,R,206.0
28757,R,77.0
28801,R,313.0
28826,R,
28844,R,141.0
28857,R,
28876,R,287.0
28902,R,
28930,R,581.0
28946,R,
29003,L,73.0
29031,L,41.0
29041,R,321.0
29057,R,375.0
29089,R,
29104,R,
29129,L,
29176,R,
29193,R,142.0
29206,R,
29224,R,
29232,L,
29241,L,282.0
29256,L,
29289,R,
29301,R,384.0
29329,R,
29391,R,467.0
29468,L,
29614,L,
29700,R,
29773,L,164.0
29797,R,302.0
29835,R,193.0
29878,R,27.0
29923,R,240.0
29949,R,212.0
29970,L,196.0
30002,R,85.0
30038,R,964.0
30048,R,689.0
30076,R,762.0
30087,R,114.0
30104,L,78.0
30123,L,100.0
30155,R,787.0
30209,R,65.0
30265,R,325.0
30289,R,44.0
30314,R,152.0
30377,R,
30412,R,
30485,L,50.0
30499,L,446.0
30517,R,452.0
30549,L,147.0
30575,L,
30607,R,227.0
30625,R,235.0
30640,R,741.0
30670,L,
30758,R,684.0
30786,R,567.0
30818,R,86.0
30835,R,362.0
30866,R,427.0
30882,R,64.0
30891,R,52.0
30924,R,92.0
30942,R,330.0
30970,R,396.0
30988,L,176.0
31007,R,121.0
31020,R,
31034,R,532.0
31042,R,
31056,R,78.0
31089,R,
31101,R,326.0
31107,R,
31118,R,23.0
31139,L,228.0
31154,L,126.0
31163,L,26.0
31189,R,742.0
31278,L,
31299,R,
31318,R,
31340,R,
31406,R,
31444,R,
31534,R,241.0
31612,R,474.0
31632,R,225.0
31662,R,230.0
31715,R,589.0
31738,L,
31783,R,122.0
31831,R,202.0
31844,R,127.0
31866,R,230.0
31874,R,262.0
31900,R,397.0
31911,R,
31927,R,44.0
31949,R,641.0
31967,L,
31989,R,99.0
32016,R,
32040,R,216.0
32052,R,115.0
32080,R,
32123,L,
32172,L,312.0
32192,R,
32213,R,301.0
32237,R,94.0
32262,R,43.0
32285,R,314.0
32312,R,
32349,R,66.0
32368,R,585.0
32383,L,88.0
32393,R,113.0
32413,R,
32427,R,95.0
32450,R,187.0
32468,R,
32483,L,210.0
32514,L,586.0
32566,R,460.0
32570,R,282.0
32604,R,
32636,R,
32658,R,130.0
32687,R,311.0
32711,L,249.0
32730,R,46.0
32753,R,428.0
32765,R,
32825,R,255.0
32847,R,360.0
32882,R,478.0
32896,R,
32913,R,189.0
32932,L,431.0
32942,L,
32964,L,71.0
32984,R,325.0
32998,R,405.0
33022,L,158.0
33038,L,36.0
33089,R,308.0
33136,R,
33180,R,459.0
33198,R,
33240,R,171.0
33383,L,285.0
33473,L,
33512,L,612.0
33554,R,595.0
33614,L,72.0
33647,R,194.0
33658,R,241.0
33674,R,533.0
33728,R,
33752,R,
33809,R,
33826,R,398.0
33848,R,979.0
33856,L,577.0
33863,L,292.0
33876,L,423.0
33907,R,111.0
33960,R,382.0
34039,R,
34051,L,157.0
34073,R,
34121,R,184.0
34180,R,896.0
34212,R,293.0
34250,R,244.0
34263,R,209.0
34280,R,210.0
34297,R,129.0
34327,R,
34348,L,232.0
34364,R,693.0
34402,R,435.0
34449,R,111.0
34497,R,360.0
34525,R,564.0
34541,R,349.0
34549,R,272.0
34578,R,
34592,R,38.0
34620,R,84.0
34633,R,404.0
34641,R,754.0
34647,R,338.0
34670,R,145.0
34701,R,
34719,R,499.0
34734,L,161.0
34778,R,
34827,R,518.0
34880,R,373.0
34890,R,19.0
34901,L,65.0
34925,R,
34942,R,153.0
34947,R,702.0
34985,L,748.0
35007,R,818.0
35041,L,55.0
35082,L,89.0
35103,R,127.0
35111,R,420.0
35128,L,
35180,R,413.0
35187,R,263.0
35212,R,135.0
35239,R,410.0
35271,R,216.0
35363,R,
35401,R,124.0
35463,R,
35508,L,
35612,R,
35618,R,
35662,R,
35681,R,123.0
35720,L,306.0
35759,R,451.0
35787,R,518.0
35804,R,303.0
35850,R,117.0
35857,R,96.0
35887,L,218.0
35923,R,
35937,R,320.0
35974,R,519.0
36035,R,
36104,R,349.0
36172,R,
36221,R,
36309,R,306.0
36389,R,89.0
36441,R,6.0
36458,L,216.0
36492,R,674.0
36526,L,711.0
36532,R,262.0
36549,R,817.0
36624,R,453.0
36654,R,241.0
36707,R,22.0
36729,R,179.0
36749,R,
36760,R,148.0
36809,R,618.0
36821,R,277.0
36862,R,
36879,R,83.0
36902,R,634.0
36954,L,324.0
36999,R,10.0
37024,R,
37035,R,458.0
37063,R,439.0
37131,R,186.0
37143,L,
37223,R,493.0
37251,R,664.0
37259,R,457.0
37270,R,155.0
37284,R,351.0
37311,R,211.0
37365,L,
37404,R,
37413,R,
37440,R,
37448,R,
37518,L,240.0
37565,L,712.0
37603,L,479.0
37616,R,279.0
37655,R,
37699,R,340.0
37712,R,298.0
37743,R,231.0
37759,R,
37793,R,473.0
37839,R,411.0
37867,L,66.0
37873,R,68.0
37878,L,223.0
37970,L,543.0
38003,R,
38039,R,
38104,R,45.0
38144,R,88.0
38197,R,
38210,L,
38267,R,
38415,L,
38588,L,443.0
38596,R,237.0
38608,R,336.0
38635,R,136.0
38669,L,169.0
38695,R,500.0
38733,L,
38746,R,313.0
38779,R,298.0
38784,R,
38826,L,527.0
38844,R,
38859,R,189.0
38863,R,349.0
38903,R,517.0
38922,R,453.0
38937,R,612.0
38984,R,390.0
39008,R,358.0
39043,R,174.0
39081,R,292.0
39105,R,56.0
39135,R,563.0
39151,R,125.0
39168,R,338.0
39190,R,
39225,R,221.0
39259,R,382.0
39287,R,452.0
39297,R,
39313,R,192.0
39358,L,171.0
39374,L,
39416,R,
39433,R,293.0
39456,R,576.0
39466,L,133.0
39476,R,258.0
39504,R,
39516,R,550.0
39559,R,125.0
39581,R,
39613,R,844.0
39631,R,110.0
39654,R,370.0
40025,R,12.0
40062,R,455.0
40124,R,
40171,R,380.0
40200,R,68.0
40231,R,383.0
40238,R,156.0
40284,R,289.0
40330,R,
40356,L,177.0
40398,R,394.0
40445,R,
40451,L,688.0
40459,R,104.0
40490,R,329.0
40561,L,263.0
40595,R,
40717,R,
40915,R,196.0
40966,R,
41028,L,
41413,R,365.0
41489,R,254.0
41559,R,413.0
41575,R,
41663,R,318.0
41715,R,
41732,R,346.0
41741,L,333.0
41784,R,70.0
41835,L,445.0
41862,R,54.0
41896,R,481.0
41948,L,463.0
41992,R,439.0
41999,R,
42016,R,560.0
42021,R,388.0
42031,R,677.0
42057,R,
42087,R,218.0
42125,R,
42177,R,146.0
42193,R,384.0
42215,R,
42281,R,502.0
42315,R,248.0
42355,R,401.0
42376,R,291.0
42408,R,718.0
42459,R,
42539,R,
42555,L,270.0
42592,R,633.0
42616,R,487.0
42683,R,649.0
42749,R,273.0
42770,R,
42803,R,
42816,L,
42865,R,102.0
42924,L,531.0
42981,R,465.0
42994,L,519.0
43022,R,
43048,R,530.0
43129,R,
43173,R,494.0
43198,R,
43244,R,
43274,R,
43388,R,
43449,L,387.0
43473,R,840.0
43545,R,692.0
43554,R,31.0
43589,R,
43757,R,
43910,R,155.0
44118,R,
44144,R,
44189,R,
44217,R,32.0
44242,R,591.0
44277,L,719.0
44304,R,918.0
44357,R,531.0
44849,R,476.0
44872,R,881.0
44912,R,421.0
44953,R,
44988,R,
45048,L,
45119,R,506.0
45133,R,230.0
45163,R,
45177,R,
45196,R,
45223,R,697.0
45256,R,
45290,R,767.0
45317,R,
45346,L,602.0
45377,R,
45391,R,
45412,R,
45420,R,465.0
45448,R,327.0
45513,R,
45559,R,781.0
45575,R,298.0
45592,L,618.0
45620,R,568.0
45641,R,
45653,R,
45681,R,
45784,R,
45815,R,
45835,R,503.0
45851,R,
45961,R,
46017,R,240.0
46022,R,
46076,R,
46106,L,
46132,R,667.0
46181,R,101.0
46225,R,
46320,R,
46362,R,181.0
46387,R,
46421,R,
46440,L,
46486,R,
46552,R,647.0
46854,R,
47257,R,332.0
47302,R,
47405,R,
47454,R,
47472,R,160.0
47527,R,
47575,R,
47590,R,
1458,L,
1613,L,502.0
1686,R,578.0
2200,R,260.0
2366,R,520.0
2620,R,98.0
2656,L,737.0
2860,R,
3077,R,
3495,L,86.0
3711,R,
4081,R,67.0
4178,R,283.0
4220,L,
4324,R,159.0
4405,R,79.0
4585,L,20.0
4701,R,337.0
4958,R,
5224,L,281.0
5269,L,653.0
5379,R,294.0
5452,R,71.0
5511,L,29.0
5629,L,7.0
5917,R,745.0
5971,R,
6027,R,812.0
6194,R,586.0
6398,R,371.0
6496,R,206.0
6858,R,
7292,R,
7739,R,14.0
8129,R,
8280,L,92.0
8609,R,140.0
8793,R,131.0
9182,L,58.0
9309,R,30.0
9377,L,6.0
9460,L,288.0
9641,R,331.0
9744,R,
9846,L,377.0
10070,R,312.0
10207,L,168.0
10286,L,67.0
10402,L,14.0
10688,R,8.0
10786,R,
10861,R,124.0
11034,R,57.0
11293,R,
11551,L,147.0
12056,R,254.0
12156,L,
12287,L,179.0
12402,R,476.0
12507,R,12.0
12562,R,40.0
12625,L,13.0
12713,R,120.0
13010,R,205.0
13191,R,260.0
13415,R,89.0
13452,R,17.0
13503,L,44.0
13707,R,28.0
13741,R,4.0
13888,R,52.0
14004,R,185.0
14361,R,756.0
14438,R,194.0
14506,R,162.0
14714,R,35.0
14862,R,
14957,L,76.0
15010,R,969.0
15087,L,8.0
15170,R,
15289,R,96.0
15336,R,202.0
15368,L,87.0
15423,L,
15642,R,
15788,R,825.0
15827,R,
15925,R,90.0
16028,R,
16207,R,110.0
16371,R,192.0
16392,R,
16435,R,85.0
16681,R,
16744,R,187.0
16847,R,400.0
17057,R,87.0
17159,R,269.0
17204,R,52.0
17406,R,371.0
17458,R,34.0
17524,L,87.0
17583,R,311.0
17630,L,81.0
17746,R,
17758,R,207.0
17792,L,
17930,R,142.0
18021,L,23.0
18071,R,28.0
18259,R,265.0
18351,R,693.0
18432,L,
18576,R,84.0
18626,R,194.0
18720,R,276.0
18774,R,149.0
18863,R,249.0
18910,L,
18954,R,282.0
19030,R,78.0
19164,R,
19243,R,45.0
19430,R,
19568,L,
19590,L,200.0
19630,R,38.0
19821,R,4.0
19878,R,2.0
19933,R,79.0
19949,L,
20060,R,191.0
20123,R,154.0
20179,R,16.0
20382,R,104.0
20461,R,253.0
20488,L,1.0
20556,R,109.0
20599,R,
20645,R,
20706,L,
20765,R,
20808,R,423.0
20889,R,161.0
20910,R,212.0
20960,R,77.0
21012,R,437.0
21053,R,210.0
21106,R,153.0
21197,R,
21261,R,
21439,R,264.0
21499,R,25.0
21581,L,62.0
21621,L,30.0
21705,R,101.0
21729,R,73.0
21797,R,907.0
21926,R,79.0
21958,R,7.0
22023,R,33.0
22072,R,101.0
22150,R,
22252,R,25.0
22329,R,
22354,R,340.0
22390,R,128.0
22439,L,1.0
22488,R,40.0
22540,R,133.0
22571,R,748.0
22657,R,57.0
22670,R,
22771,R,167.0
22806,R,212.0
22872,L,
22913,R,208.0
22963,L,25.0
23037,L,137.0
23070,L,
23251,R,170.0
23338,R,220.0
23398,L,23.0
23490,L,
23553,R,380.0
23636,R,
23698,L,322.0
23771,R,130.0
23941,R,
24074,L,68.0
24117,L,48.0
24224,R,
24275,R,231.0
24354,R,
24408,R,14.0
24460,L,5.0
24486,L,122.0
24509,L,912.0
24601,R,93.0
24663,R,630.0
24736,R,
24829,R,217.0
24865,R,
24879,R,
24920,R,7.0
24970,L,25.0
25004,R,358.0
25040,L,80.0
25126,R,
25159,L,208.0
25197,R,33.0
25212,R,13.0
25332,R,
25408,R,202.0
25454,R,51.0
25512,R,243.0
25537,R,
25678,R,
25834,L,66.0
25897,L,308.0
25928,L,158.0
25949,R,75.0
25986,L,485.0
26023,R,195.0
26086,L,605.0
26115,R,
26137,L,230.0
26162,R,
26222,L,107.0
26280,R,126.0
26297,R,
26329,R,
26355,L,
26400,R,338.0
26433,R,78.0
26487,R,259.0
26534,R,132.0
26550,L,317.0
26592,R,129.0
26648,R,
26695,L,12.0
26715,L,146.0
26798,R,124.0
26844,R,
26867,L,140.0
26879,R,80.0
26913,R,41.0
26948,R,117.0
26977,R,51.0
27080,L,
27141,R,88.0
27158,L,
27210,R,288.0
27233,R,192.0
27261,R,394.0
27286,L,321.0
27294,L,138.0
27309,R,
27336,R,
27360,R,167.0
27410,R,116.0
27535,R,736.0
27584,R,95.0
27710,R,696.0
27914,L,2.0
27993,L,134.0
28034,R,616.0
28081,R,21.0
28107,R,180.0
28125,L,
28163,R,64.0
28203,R,287.0
28218,L,341.0
28251,R,375.0
28285,R,131.0
28297,R,
28339,R,
28356,R,575.0
28407,R,251.0
28460,R,96.0
28519,R,289.0
28539,R,166.0
28593,R,9.0
28626,R,91.0
28646,R,48.0
28659,R,228.0
28701,R,18.0
28717,R,481.0
28759,R,181.0
28813,R,651.0
28830,R,
28845,R,138.0
28864,R,
28887,R,50.0
28906,R,112.0
28933,R,261.0
28960,R,194.0
29010,R,
29037,R,240.0
29042,L,196.0
29074,R,143.0
29091,R,164.0
29115,L,40.0
29134,R,33.0
29188,L,61.0
29196,L,295.0
29210,R,179.0
29226,R,
29233,R,61.0
29249,R,12.0
29257,R,28.0
29296,R,131.0
29305,R,225.0
29336,R,
29396,R,72.0
29536,R,13.0
29627,L,140.0
29726,R,
29774,L,232.0
29815,R,140.0
29847,R,
29891,R,489.0
29925,L,
29961,R,88.0
29975,R,
30019,R,
30039,R,
30064,R,
30080,L,99.0
30088,R,
30105,L,614.0
30140,R,181.0
30167,R,141.0
30222,R,344.0
30271,R,394.0
30294,R,251.0
30326,R,220.0
30382,R,
30418,R,798.0
30489,R,23.0
30506,R,424.0
30534,R,325.0
30562,R,205.0
30579,R,247.0
30608,R,733.0
30627,R,54.0
30642,L,
30696,R,124.0
30759,R,
30796,R,164.0
30820,R,214.0
30838,R,246.0
30874,R,
30885,R,92.0
30901,R,230.0
30930,R,67.0
30948,R,498.0
30971,R,87.0
30991,R,
31008,R,315.0
31023,R,165.0
31036,R,178.0
31043,R,
31058,L,72.0
31094,R,
31102,R,6.0
31108,R,258.0
31120,L,359.0
31148,R,215.0
31155,L,77.0
31164,R,155.0
31234,R,
31279,R,10.0
31300,L,50.0
31332,R,
31344,R,458.0
31414,R,
31456,R,555.0
31582,R,164.0
31614,R,
31633,R,
31682,R,48.0
31719,R,
31750,R,
31792,R,390.0
31833,R,
31849,L,172.0
31867,L,250.0
31878,L,300.0
31901,R,
31918,R,67.0
31929,R,261.0
31950,R,350.0
31974,R,192.0
31990,R,263.0
32023,R,229.0
32041,R,299.0
32054,R,662.0
32107,R,
32128,R,699.0
32174,R,43.0
32193,R,
32230,R,318.0
32239,R,229.0
32263,R,402.0
32296,L,385.0
32320,R,293.0
32353,R,544.0
32372,R,
32388,R,
32394,R,317.0
32419,R,406.0
32434,L,57.0
32451,R,108.0
32471,L,245.0
32488,R,199.0
32516,R,275.0
32567,R,224.0
32575,R,226.0
32606,R,244.0
32639,R,
32664,L,
32689,L,317.0
32713,R,265.0
32734,R,437.0
32760,R,
32780,R,394.0
32842,R,318.0
32848,R,145.0
32887,R,
32900,R,
32915,R,582.0
32936,L,258.0
32952,R,537.0
32966,R,333.0
32989,R,55.0
33006,L,143.0
33023,R,562.0
33054,R,279.0
33102,L,2.0
33156,R,184.0
33183,L,74.0
33224,R,555.0
33242,L,
33384,R,263.0
33489,L,
33544,R,316.0
33587,R,267.0
33619,L,448.0
33651,R,239.0
33663,R,42.0
33675,L,332.0
33734,L,280.0
33771,R,74.0
33810,R,438.0
33829,L,628.0
33850,R,250.0
33859,R,191.0
33865,L,229.0
33882,R,974.0
33917,R,201.0
33967,R,502.0
34046,R,120.0
34052,L,
34077,R,632.0
34133,L,197.0
34183,L,247.0
34214,R,301.0
34255,R,419.0
34274,R,343.0
34281,R,327.0
34308,L,701.0
34328,L,256.0
34349,R,
34385,R,8.0
34433,L,45.0
34454,R,359.0
34501,R,246.0
34532,R,154.0
34542,R,392.0
34551,R,264.0
34580,R,212.0
34595,R,
34621,R,
34634,L,194.0
34642,R,46.0
34656,R,214.0
34675,L,
34704,R,80.0
34720,R,183.0
34743,L,102.0
34784,L,122.0
34833,R,224.0
34886,R,234.0
34891,R,
34904,R,37.0
34932,R,
34943,R,152.0
34948,R,148.0
34986,L,701.0
35024,R,166.0
35058,R,
35085,R,350.0
35105,R,45.0
35113,L,53.0
35136,R,415.0
35181,R,199.0
35193,R,330.0
35217,L,50.0
35257,R,
35322,R,
35370,R,27.0
35402,R,
35474,R,243.0
35518,R,
35614,R,138.0
35626,L,273.0
35663,R,
35684,R,187.0
35729,L,
35774,R,120.0
35789,R,637.0
35805,R,94.0
35852,L,608.0
35859,R,
35901,R,
35932,R,
35939,R,197.0
35992,R,565.0
36045,R,756.0
36128,R,182.0
36173,R,169.0
36229,R,289.0
36339,R,213.0
36390,R,220.0
36448,R,215.0
36459,R,786.0
36500,L,202.0
36529,R,5.0
36542,R,
36595,R,
36625,R,264.0
36658,R,515.0
36710,L,
36732,R,516.0
36751,L,
36782,R,
36813,R,174.0
36830,R,138.0
36874,R,75.0
36886,L,191.0
36927,R,
36980,R,709.0
37002,R,315.0
37029,R,
37044,L,84.0
37066,R,661.0
37134,L,361.0
37150,R,
37236,R,
37252,R,151.0
37262,R,412.0
37273,R,104.0
37285,R,234.0
37315,R,139.0
37367,R,654.0
37407,R,
37416,R,377.0
37442,R,
37461,R,322.0
37537,R,288.0
37573,R,485.0
37605,R,257.0
37619,L,427.0
37679,R,366.0
37702,L,
37726,R,323.0
37745,R,675.0
37788,L,213.0
37805,R,761.0
37851,R,426.0
37869,R,187.0
37875,L,60.0
37880,L,114.0
37971,R,
38005,R,370.0
38063,L,496.0
38125,R,65.0
38159,R,
38199,R,
38218,L,157.0
38298,R,412.0
38564,R,
38591,R,227.0
38600,R,258.0
38614,L,170.0
38647,R,
38674,R,576.0
38698,R,488.0
38734,R,534.0
38766,R,598.0
38781,R,601.0
38787,R,303.0
38836,R,280.0
38847,R,570.0
38860,R,236.0
38875,R,436.0
38904,R,796.0
38932,R,86.0
38938,R,93.0
38990,R,81.0
39017,R,
39052,R,415.0
39086,R,
39111,R,
39140,R,91.0
39155,R,114.0
39181,L,526.0
39195,R,22.0
39244,R,15.0
39260,R,634.0
39294,R,
39299,R,684.0
39352,L,526.0
39364,R,
39391,L,52.0
39417,R,
39437,R,446.0
39460,R,652.0
39470,R,422.0
39478,R,
39509,L,
39519,R,605.0
39573,L,614.0
39608,L,82.0
39615,R,97.0
39633,R,
40003,R,133.0
40032,R,179.0
40070,R,429.0
40137,R,121.0
40174,R,
40205,L,321.0
40234,L,30.0
40248,R,
40286,R,
40345,R,
40359,R,283.0
40410,R,216.0
40446,R,
40452,R,120.0
40463,R,311.0
40510,R,
40572,R,
40597,R,
40727,R,290.0
40920,R,379.0
40967,R,315.0
41111,L,242.0
41463,R,
41533,L,
41567,L,69.0
41585,R,267.0
41690,R,
41721,R,675.0
41733,R,461.0
41742,R,
41819,L,746.0
41836,R,
41880,R,
41898,R,578.0
41966,R,
41993,R,487.0
42009,R,524.0
42017,R,544.0
42025,R,456.0
42041,R,
42066,L,66.0
42097,R,495.0
42143,R,
42180,R,
42196,R,
42221,R,269.0
42294,R,504.0
42345,L,342.0
42363,L,252.0
42388,R,
42413,R,
42494,R,702.0
42540,R,492.0
42576,R,755.0
42594,R,204.0
42626,R,372.0
42685,R,
42750,R,621.0
42774,R,
42808,R,
42854,R,105.0
42882,R,57.0
42926,R,416.0
42982,R,
43009,L,289.0
43034,R,723.0
43049,R,167.0
43135,R,97.0
43180,L,
43209,R,764.0
43262,R,
43293,R,429.0
43395,L,
43457,R,307.0
43495,R,359.0
43546,R,
43556,R,
43616,R,105.0
43768,R,75.0
44064,R,690.0
44124,R,333.0
44161,R,
44196,R,
44231,L,
44247,L,292.0
44292,R,920.0
44326,R,418.0
44375,R,743.0
44851,R,
44876,R,308.0
44945,R,
44977,R,274.0
44989,R,354.0
45051,R,
45125,R,
45138,R,391.0
45164,L,
45179,L,
45201,R,470.0
45227,R,573.0
45257,R,
45296,L,
45319,R,607.0
45348,R,
45378,L,726.0
45400,R,305.0
45417,L,
45423,L,415.0
45473,R,
45521,R,482.0
45560,R,
45576,R,
45607,R,
45622,L,247.0
45645,L,384.0
45654,L,
45704,R,895.0
45798,R,580.0
45816,R,243.0
45844,R,893.0
45898,L,
45967,R,305.0
46018,R,
46039,R,
46080,R,411.0
46107,R,
46159,L,
46200,R,
46251,R,
46350,L,389.0
46371,R,
46388,L,
46434,R,270.0
46441,R,422.0
46500,R,
46642,R,842.0
46895,L,
47265,R,290.0
47306,R,
47409,R,
47455,L,205.0
47473,R,500.0
47552,R,
47579,L,437.0
47599,R,
1486,R,
1644,R,368.0
1886,R,873.0
2224,R,33.0
2427,R,
2635,R,627.0
2693,R,21.0
2890,R,847.0
3149,R,567.0
3629,R,33.0
3913,R,
4119,R,146.0
4181,R,
4243,R,
4380,R,
4423,L,9.0
4586,R,13.0
4704,L,
5037,L,85.0
5235,L,
5279,L,448.0
5397,R,91.0
5471,R,43.0
5530,R,329.0
5707,R,419.0
5955,R,
6000,R,12.0
6086,L,109.0
6214,R,511.0
6405,R,214.0
6783,L,18.0
7209,R,
7470,R,208.0
7828,R,387.0
8195,R,216.0
8284,L,4.0
8613,R,84.0
9109,R,59.0
9199,L,20.0
9355,R,417.0
9378,R,
9554,R,454.0
9648,R,203.0
9746,L,17.0
9871,R,204.0
10139,R,
10213,R,50.0
10335,L,262.0
10403,R,61.0
10737,R,
10794,L,45.0
10918,R,
11066,R,24.0
11347,R,
11652,R,14.0
12094,R,485.0
12216,R,49.0
12343,R,24.0
12419,R,
12529,R,37.0
12590,R,
12626,R,122.0
12780,R,42.0
13090,R,92.0
13262,R,
13422,R,57.0
13459,L,9.0
13577,R,360.0
13709,R,38.0
13812,R,547.0
13924,R,433.0
14148,R,478.0
14373,R,
14464,R,
14560,L,100.0
14715,R,284.0
14920,R,309.0
14958,R,
15013,R,
15094,R,971.0
15182,R,20.0
15297,R,238.0
15351,R,100.0
15375,R,11.0
15536,R,8.0
15735,R,129.0
15796,R,119.0
15847,R,56.0
15941,R,623.0
16054,R,
16294,R,217.0
16374,R,469.0
16393,L,144.0
16436,R,22.0
16709,R,
16779,R,71.0
17045,R,658.0
17091,R,997.0
17162,R,346.0
17227,R,99.0
17449,R,19.0
17461,R,355.0
17547,R,70.0
17600,R,219.0
17678,R,142.0
17748,R,19.0
17759,R,
17823,R,12.0
17948,R,
18023,R,137.0
18136,R,
18264,L,291.0
18369,R,161.0
18448,R,116.0
18582,R,
18640,L,262.0
18728,R,87.0
18815,R,269.0
18876,R,11.0
18941,R,207.0
18967,L,48.0
19054,L,225.0
19216,R,113.0
19379,L,99.0
19504,R,
19571,R,592.0
19595,R,134.0
19664,R,768.0
19830,L,
19914,R,
19934,R,
19968,R,49.0
20065,R,199.0
20126,R,232.0
20181,R,131.0
20398,L,59.0
20482,R,76.0
20514,R,11.0
20571,R,379.0
20601,R,113.0
20648,R,
20708,R,635.0
20769,R,
20826,R,163.0
20893,R,
20916,R,
20964,R,140.0
21017,R,128.0
21070,R,
21124,R,
21208,L,39.0
21273,R,29.0
21466,R,303.0
21500,R,272.0
21584,L,52.0
21624,R,
21710,R,163.0
21745,L,212.0
21815,R,34.0
21929,R,484.0
21966,L,26.0
22036,R,36.0
22078,R,223.0
22178,L,814.0
22256,L,85.0
22345,R,227.0
22358,L,523.0
22401,R,144.0
22449,R,30.0
22490,R,476.0
22555,R,14.0
22599,L,128.0
22659,R,357.0
22701,R,
22777,L,
22819,R,456.0
22877,R,60.0
22920,R,205.0
22964,R,610.0
23044,R,299.0
23126,L,82.0
23253,R,86.0
23342,L,388.0
23445,R,29.0
23495,R,130.0
23572,R,
23664,R,225.0
23744,L,528.0
23787,R,352.0
23988,R,
24084,R,167.0
24120,L,32.0
24235,R,
24278,R,55.0
24399,L,235.0
24409,R,
24463,R,102.0
24489,L,
24541,R,
24611,R,310.0
24669,R,
24756,R,513.0
24831,R,
24867,R,
24885,R,82.0
24928,L,396.0
24990,L,123.0
25014,R,
25075,R,
25142,R,15.0
25181,R,99.0
25200,R,3.0
25253,R,343.0
25347,R,62.0
25418,R,161.0
25456,R,51.0
25513,R,31.0
25539,R,209.0
25687,L,541.0
25842,R,68.0
25909,L,182.0
25941,R,128.0
25957,R,363.0
26001,R,476.0
26050,L,145.0
26088,R,105.0
26116,R,60.0
26142,L,
26187,R,254.0
26244,L,25.0
26281,L,
26304,R,85.0
26331,R,
26369,R,217.0
26404,R,143.0
26464,R,913.0
26501,R,
26539,R,208.0
26551,R,430.0
26593,R,173.0
26668,R,32.0
26700,R,4.0
26736,R,96.0
26800,R,204.0
26855,R,351.0
26868,R,
26885,L,
26919,R,176.0
26957,L,676.0
27015,R,
27085,L,
27143,L,488.0
27169,R,
27218,R,37.0
27237,R,20.0
27268,R,135.0
27288,R,103.0
27296,R,
27310,R,134.0
27351,R,294.0
27371,R,217.0
27431,R,50.0
27539,R,312.0
27607,R,
27745,R,522.0
27922,R,272.0
28000,R,83.0
28036,R,421.0
28086,R,168.0
28109,R,266.0
28137,R,
28185,R,179.0
28206,L,
28232,R,
28262,R,669.0
28291,R,199.0
28308,R,441.0
28340,R,
28365,R,38.0
28449,R,182.0
28461,R,118.0
28521,R,102.0
28541,L,121.0
28598,R,485.0
28629,R,41.0
28650,R,
28691,L,411.0
28712,R,26.0
28728,R,123.0
28761,L,127.0
28816,R,90.0
28840,L,215.0
28847,R,76.0
28867,R,577.0
28889,R,391.0
28909,L,141.0
28934,R,438.0
28996,R,
29012,L,141.0
29038,L,
29051,R,613.0
29076,L,39.0
29095,R,168.0
29118,L,271.0
29148,R,866.0
29189,R,118.0
29200,L,260.0
29219,R,
29230,R,384.0
29237,R,26.0
29250,R,295.0
29261,L,
29297,R,326.0
29322,R,
29344,R,343.0
29450,L,
29596,R,549.0
29653,R,209.0
29760,R,479.0
29775,L,315.0
29817,L,297.0
29851,R,241.0
29914,R,115.0
29935,R,246.0
29962,R,74.0
29976,R,345.0
30028,R,
30042,R,171.0
30070,R,275.0
30081,R,38.0
30099,L,725.0
30107,R,348.0
30145,R,
30168,R,242.0
30257,R,727.0
30284,R,
30298,R,
30327,R,39.0
30389,R,35.0
30437,R,218.0
30490,R,257.0
30507,R,346.0
30539,R,126.0
30564,R,
30588,R,46.0
30615,R,
30628,R,227.0
30645,R,
30713,R,623.0
30764,R,163.0
30804,R,326.0
30829,L,58.0
30842,R,
30878,L,5.0
30886,R,
30911,R,231.0
30935,R,215.0
30956,R,
30975,R,300.0
30996,R,425.0
31014,R,397.0
31029,R,325.0
31040,R,177.0
31047,R,
31066,R,
31096,R,253.0
31104,R,193.0
31116,R,330.0
31131,R,183.0
31149,L,
31160,R,
31171,R,286.0
31244,R,75.0
31293,R,350.0
31302,R,11.0
31335,R,314.0
31348,R,53.0
31420,R,
31494,R,537.0
31588,R,189.0
31619,R,80.0
31635,R,
31689,R,958.0
31720,R,624.0
31757,R,403.0
31809,R,819.0
31836,R,77.0
31852,R,
31870,L,100.0
31893,R,
31902,R,279.0
31919,R,18.0
31940,L,408.0
31958,R,96.0
31975,R,435.0
31995,R,
32025,R,204.0
32043,R,791.0
32077,R,184.0
32114,R,236.0
32167,L,274.0
32176,R,
32195,R,305.0
32232,L,70.0
32248,R,211.0
32265,R,58.0
32300,R,
32326,R,15.0
32358,R,84.0
32376,L,90.0
32390,L,108.0
32399,R,601.0
32420,L,
32441,R,147.0
32464,R,42.0
32473,L,48.0
32498,R,103.0
32525,L,238.0
32568,L,197.0
32578,R,295.0
32620,R,470.0
32641,R,
32676,R,
32694,R,
32718,R,
32742,R,
32763,L,101.0
32816,L,217.0
32845,R,412.0
32855,R,284.0
32890,R,265.0
32902,R,254.0
32919,R,18.0
32938,R,130.0
32954,R,158.0
32973,R,277.0
32991,R,144.0
33012,R,
33027,L,
33068,L,383.0
33129,R,59.0
33178,R,104.0
33190,R,731.0
33225,R,226.0
33283,R,197.0
33393,R,381.0
33491,R,94.0
33549,R,775.0
33608,L,
33628,R,582.0
33652,L,
33666,R,442.0
33680,L,885.0
33743,R,573.0
33780,R,148.0
33823,R,608.0
33833,R,235.0
33852,R,
33860,R,301.0
33873,L,459.0
33895,R,359.0
33921,R,
33969,L,
34048,R,
34064,R,574.0
34085,R,
34175,R,
34192,L,182.0
34218,R,106.0
34257,R,961.0
34276,R,311.0
34282,R,332.0
34313,L,69.0
34330,R,
34354,L,150.0
34387,L,245.0
34445,R,110.0
34482,R,80.0
34504,R,266.0
34535,R,
34544,R,290.0
34564,R,75.0
34582,R,1012.0
34598,R,
34624,R,367.0
34636,R,27.0
34643,R,42.0
34663,R,189.0
34681,R,215.0
34707,R,
34722,L,143.0
34744,R,158.0
34789,R,61.0
34866,L,62.0
34888,R,234.0
34898,R,133.0
34906,R,148.0
34934,R,101.0
34944,R,
34969,R,89.0
34987,R,290.0
35026,L,97.0
35065,R,252.0
35095,R,
35108,R,63.0
35115,R,123.0
35143,L,142.0
35185,R,
35194,R,310.0
35225,R,398.0
35259,L,423.0
35327,R,417.0
35374,R,
35404,R,576.0
35483,R,395.0
35564,R,141.0
35615,R,
35642,R,246.0
35664,R,532.0
35685,R,186.0
35742,L,57.0
35778,R,620.0
35795,R,
35810,L,494.0
35854,R,331.0
35874,R,407.0
35917,R,188.0
35934,R,
35940,R,
35995,R,
36046,R,976.0
36160,L,
36190,R,324.0
36230,R,245.0
36365,R,534.0
36394,R,64.0
36453,R,294.0
36485,R,250.0
36515,R,22.0
36530,R,170.0
36544,R,256.0
36603,R,994.0
36627,L,339.0
36663,L,347.0
36714,R,933.0
36734,R,446.0
36755,R,1029.0
36796,R,64.0
36814,R,328.0
36836,R,261.0
36876,R,571.0
36888,R,447.0
36940,R,
36990,R,1.0
37010,L,90.0
37032,R,599.0
37054,R,522.0
37080,R,109.0
37141,R,685.0
37194,L,27.0
37239,R,269.0
37257,L,
37268,R,
37277,R,337.0
37301,R,114.0
37346,R,276.0
37376,R,335.0
37411,L,324.0
37422,R,
37446,L,106.0
37478,R,
37546,L,660.0
37576,L,334.0
37606,,
37623,R,687.0
37683,L,129.0
37710,R,363.0
37732,R,492.0
37754,L,83.0
37789,R,305.0
37833,L,470.0
37860,L,117.0
37871,R,15.0
37876,R,324.0
37912,R,327.0
37991,R,475.0
38019,R,604.0
38073,R,79.0
38133,R,303.0
38176,R,449.0
38205,R,378.0
38221,R,
38355,R,760.0
38586,R,177.0
38592,R,538.0
38602,R,223.0
38622,R,92.0
38659,R,
38683,R,
38710,R,193.0
38739,R,
38767,R,560.0
38782,R,666.0
38806,R,596.0
38837,L,134.0
38853,R,340.0
38861,R,447.0
38901,R,365.0
38911,R,488.0
38934,R,256.0
38970,R,239.0
38991,R,472.0
39019,R,270.0
39074,R,
39088,R,
39124,R,304.0
39143,R,285.0
39160,R,283.0
39188,R,
39204,R,760.0
39246,R,241.0
39283,R,358.0
39295,R,
39300,R,704.0
39353,R,665.0
39369,R,
39393,R,1010.0
39427,R,280.0
39446,R,612.0
39464,R,562.0
39474,R,119.0
39485,R,
39513,R,
39536,L,650.0
39578,R,256.0
39609,R,597.0
39623,R,574.0
39650,R,160.0
40007,R,
40034,R,
40104,R,728.0
40150,R,196.0
40193,R,392.0
40217,L,364.0
40236,R,335.0
40267,R,283.0
40292,R,694.0
40354,L,189.0
40360,R,350.0
40432,R,
40447,R,
40453,R,
40478,R,
40519,R,210.0
40573,R,
40711,L,537.0
40750,R,291.0
40928,R,673.0
40992,R,237.0
41133,R,
41473,R,173.0
41547,L,219.0
41570,L,
41587,R,274.0
41694,R,
41722,R,
41734,L,470.0
41743,R,266.0
41820,R,513.0
41843,L,223.0
41886,R,
41901,R,366.0
41971,R,
41995,R,570.0
42011,R,374.0
42018,R,
42027,R,520.0
42053,R,
42075,R,967.0
42112,R,376.0
42154,R,307.0
42190,R,
42205,R,
42232,L,343.0
42295,R,378.0
42349,R,617.0
42365,R,
42390,R,382.0
42416,R,423.0
42504,R,585.0
42541,L,37.0
42585,L,59.0
42604,R,351.0
42643,R,
42728,L,371.0
42751,L,5.0
42799,R,133.0
42812,R,
42858,R,576.0
42908,L,
42962,R,900.0
42984,L,
43015,L,489.0
43040,R,
43099,R,
43140,R,
43192,R,667.0
43228,R,363.0
43265,R,145.0
43300,R,143.0
43403,R,164.0
43466,R,810.0
43511,R,308.0
43547,R,226.0
43560,L,190.0
43624,R,
43803,R,36.0
44105,R,272.0
44130,R,177.0
44181,L,917.0
44198,R,201.0
44232,R,397.0
44272,R,364.0
44296,R,349.0
44330,R,
44744,R,402.0
44853,R,472.0
44880,R,
44951,R,642.0
44984,L,165.0
45014,R,242.0
45052,R,
45127,R,
45139,R,
45165,L,
45194,R,
45215,R,709.0
45235,R,534.0
45270,L,
45297,R,
45326,R,505.0
45353,R,138.0
45385,L,
45402,R,556.0
45418,R,500.0
45433,R,698.0
45487,L,
45539,R,437.0
45567,R,179.0
45583,R,704.0
45615,R,460.0
45627,R,
45651,R,
45655,R,
45731,R,389.0
45813,L,115.0
45820,R,
45846,R,
45927,R,199.0
45968,R,286.0
46020,R,
46046,R,484.0
46083,L,148.0
46117,R,583.0
46166,R,
46217,R,572.0
46252,L,201.0
46352,R,
46385,R,
46389,R,
46435,R,
46479,R,
46508,L,115.0
46689,R,
46936,R,176.0
47268,R,
47350,R,390.0
47413,R,
47461,R,622.0
47503,R,
47566,R,208.0
47580,R,408.0
47610,R,363.0
1487,L,464.0
1660,R,
1919,L,925.0
2228,R,72.0
2607,R,276.0
2636,R,151.0
2736,L,97.0
2908,L,8.0
3256,R,10.0
3643,L,29.0
3960,R,221.0
4121,R,
4202,R,20.0
4276,R,18.0
4383,L,
4437,L,
4603,R,
4817,L,37.0
5167,R,482.0
5245,R,47.0
5302,R,300.0
5434,R,960.0
5472,R,213.0
5539,R,
5796,R,97.0
5956,R,523.0
6022,R,336.0
6171,R,
6217,R,441.0
6424,R,3.0
6800,R,
7219,R,678.0
7665,R,228.0
7897,R,
8196,R,
8485,R,
8745,R,47.0
9122,L,11.0
9248,R,10.0
9367,R,95.0
9387,R,53.0
9555,R,
9667,L,95.0
9786,R,178.0
9908,L,44.0
10145,R,28.0
10222,L,7.0
10362,R,
10547,R,144.0
10756,R,339.0
10799,R,490.0
10977,R,453.0
11119,R,
11491,R,135.0
11784,R,648.0
12125,R,320.0
12246,R,62.0
12372,R,383.0
12425,R,
12531,R,157.0
12591,L,70.0
12678,R,99.0
12812,R,
13100,R,
13391,R,180.0
13428,R,131.0
13483,R,
13643,R,19.0
13715,R,2.0
13829,R,52.0
13948,R,181.0
14182,R,
14397,R,3.0
14490,L,
14581,L,815.0
14721,R,
14935,R,
14961,L,
15034,R,
15098,L,31.0
15196,R,473.0
15302,R,376.0
15353,R,47.0
15403,R,426.0
15542,R,41.0
15738,R,
15803,R,255.0
15857,R,
15968,R,
16063,R,304.0
16312,R,
16383,R,333.0
16396,L,34.0
16438,R,33.0
16725,R,374.0
16785,R,391.0
17052,L,68.0
17097,L,412.0
17168,R,275.0
17378,R,540.0
17452,L,
17481,R,41.0
17550,L,312.0
17610,R,60.0
17706,L,29.0
17756,R,117.0
17761,R,278.0
17872,R,63.0
17965,R,
18026,R,275.0
18164,R,
18305,R,536.0
18397,R,253.0
18460,R,255.0
18600,R,237.0
18673,R,44.0
18732,R,72.0
18831,R,1.0
18881,L,4.0
18947,R,245.0
18972,,
19056,R,151.0
19223,R,751.0
19384,L,
19507,L,51.0
19574,L,167.0
19604,L,21.0
19723,R,342.0
19856,R,13.0
19917,R,112.0
19940,R,
19985,R,54.0
20080,R,
20134,R,
20246,R,88.0
20433,L,144.0
20483,R,246.0
20531,L,
20575,R,125.0
20610,R,174.0
20652,R,220.0
20714,R,294.0
20782,L,156.0
20867,L,11.0
20897,R,157.0
20938,R,78.0
20988,R,
21020,R,357.0
21097,R,
21164,R,151.0
21217,R,411.0
21334,L,
21476,R,403.0
21554,R,347.0
21600,L,779.0
21661,R,190.0
21712,R,240.0
21765,R,20.0
21828,R,120.0
21930,R,
21978,R,418.0
22043,R,186.0
22119,R,422.0
22194,R,
22279,R,335.0
22346,R,228.0
22362,L,206.0
22430,R,
22456,R,
22533,R,43.0
22557,R,
22630,L,28.0
22660,L,132.0
22732,R,
22791,R,487.0
22831,R,23.0
22887,R,552.0
22934,R,191.0
23013,L,2.0
23046,R,
23170,R,24.0
23255,L,
23357,L,841.0
23446,R,260.0
23524,R,
23580,R,
23666,R,
23747,R,101.0
23807,R,670.0
24053,R,533.0
24097,R,17.0
24155,R,229.0
24259,R,14.0
24312,L,
24404,R,188.0
24420,R,
24464,R,376.0
24495,R,160.0
24551,R,
24635,R,309.0
24678,R,71.0
24777,R,932.0
24833,R,
24868,R,
24887,R,
24944,L,16.0
24994,R,252.0
25019,L,
25082,R,130.0
25152,L,
25183,R,119.0
25207,L,200.0
25293,L,128.0
25358,R,
25420,R,
25472,L,
25514,R,32.0
25597,R,
25747,R,
25864,L,
25917,R,32.0
25944,R,380.0
25967,R,228.0
26007,L,282.0
26064,R,49.0
26098,R,
26130,R,313.0
26146,R,327.0
26203,R,113.0
26256,R,
26292,R,
26319,R,222.0
26339,R,219.0
26398,R,443.0
26413,R,233.0
26477,L,95.0
26510,R,149.0
26543,R,211.0
26558,R,71.0
26595,R,113.0
26671,L,139.0
26706,R,130.0
26764,L,202.0
26819,R,
26857,R,54.0
26869,R,132.0
26906,R,67.0
26935,R,326.0
26961,R,187.0
27040,R,
27093,L,73.0
27146,R,371.0
27197,R,84.0
27228,L,
27238,L,65.0
27281,R,398.0
27290,L,
27301,R,121.0
27317,R,145.0
27352,R,150.0
27383,R,
27489,R,165.0
27569,R,282.0
27618,R,
27792,R,150.0
27945,R,208.0
28010,L,
28067,R,548.0
28091,R,264.0
28111,L,
28140,R,
28189,L,664.0
28211,R,201.0
28239,R,519.0
28269,R,
28293,R,190.0
28317,R,270.0
28348,R,406.0
28398,R,290.0
28453,R,567.0
28464,R,327.0
28526,L,287.0
28553,R,
28616,R,38.0
28638,R,9.0
28651,R,214.0
28697,R,132.0
28713,R,180.0
28741,L,89.0
28784,R,
28822,R,
28841,R,
28851,L,540.0
28875,R,137.0
28892,L,167.0
28926,R,36.0
28944,L,125.0
29002,L,
29026,R,965.0
29039,R,166.0
29054,R,119.0
29084,R,
29099,R,374.0
29128,L,233.0
29161,R,
29192,R,118.0
29203,L,
29223,R,54.0
29231,R,198.0
29239,R,126.0
29253,R,
29277,R,
29300,L,
29326,R,135.0
29349,R,500.0
29462,R,
29613,L,134.0
29695,R,169.0
29761,R,83.0
29791,R,303.0
29830,R,1016.0
29852,R,136.0
29918,R,47.0
29945,L,87.0
29967,R,316.0
29998,R,
30035,R,206.0
30044,R,314.0
30074,R,
30084,L,195.0
30101,R,302.0
30122,R,147.0
30152,R,198.0
30169,R,354.0
30258,R,129.0
30285,R,190.0
30299,R,733.0
30338,R,77.0
30390,R,128.0
30465,R,603.0
30491,R,512.0
30508,R,492.0
30542,R,3.0
30570,R,
30602,R,203.0
30620,R,420.0
30634,R,
30656,R,468.0
30737,R,
30765,L,
30808,R,139.0
30830,L,696.0
30846,R,109.0
30879,R,373.0
30887,R,150.0
30914,R,244.0
30936,L,93.0
30965,R,115.0
30982,R,58.0
31001,R,
31017,R,136.0
31032,R,216.0
31041,R,267.0
31052,L,548.0
31074,R,
31099,R,
31105,R,64.0
31117,L,297.0
31135,R,285.0
31152,R,127.0
31161,R,7.0
31188,R,534.0
31250,R,
31295,R,222.0
31314,R,663.0
31339,L,405.0
31354,L,219.0
31438,L,21.0
31502,R,224.0
31589,R,921.0
31623,R,
31645,R,121.0
31693,R,440.0
31722,R,850.0
31759,R,260.0
31810,R,556.0
31841,R,348.0
31865,R,154.0
31871,R,238.0
31897,R,386.0
31906,R,247.0
31920,R,371.0
31948,L,207.0
31961,R,76.0
31985,R,168.0
32009,R,209.0
32026,R,32.0
32051,R,
32078,R,171.0
32115,R,112.0
32168,R,311.0
32191,R,326.0
32199,R,251.0
32234,R,210.0
32251,L,51.0
32275,R,42.0
32301,L,
32336,R,401.0
32359,R,173.0
32382,R,74.0
32391,R,135.0
32404,R,
32425,L,
32442,R,474.0
32466,R,153.0
32477,R,334.0
32510,R,
32546,L,107.0
32569,R,
32592,R,416.0
32622,R,304.0
32657,R,34.0
32682,R,193.0
32708,L,163.0
32720,R,182.0
32745,L,231.0
32764,R,286.0
32821,R,103.0
32846,R,149.0
32856,R,22.0
32892,R,175.0
32912,L,69.0
32920,L,367.0
32941,L,389.0
32957,R,508.0
32977,R,118.0
32993,L,192.0
33015,R,205.0
33035,R,
33069,R,122.0
33130,R,
33179,R,93.0
33191,R,
33232,L,
33352,R,421.0
33469,L,375.0
33493,R,265.0
33552,R,
33609,L,188.0
33629,L,
33657,L,142.0
33673,L,161.0
33691,R,95.0
33746,L,4.0
33789,R,
33825,L,139.0
33842,R,97.0
33855,R,658.0
33862,R,
33874,R,19.0
33898,R,162.0
33934,L,613.0
34013,R,233.0
34049,R,317.0
34072,R,686.0
34097,R,490.0
34179,R,
34210,L,
34223,L,
34259,R,74.0
34279,L,409.0
34289,R,669.0
34317,R,483.0
34340,R,296.0
34357,R,156.0
34396,R,259.0
34446,R,116.0
34492,R,
34510,R,1017.0
34540,R,
34545,R,
34565,L,
34584,R,135.0
34616,L,248.0
34630,R,349.0
34638,R,222.0
34646,R,230.0
34666,R,56.0
34685,R,477.0
34709,R,146.0
34728,R,597.0
34747,R,93.0
34821,R,
34875,R,
34889,L,265.0
34900,R,134.0
34912,R,64.0
34940,R,584.0
34946,R,83.0
34971,R,432.0
34991,R,82.0
35036,R,41.0
35081,R,656.0
35097,R,245.0
35109,L,198.0
35125,R,31.0
35144,R,353.0
35186,L,315.0
35196,R,
35237,R,324.0
35268,R,757.0
35361,R,127.0
35383,R,408.0
35412,R,152.0
35484,R,143.0
35589,L,108.0
35617,R,63.0
35649,L,248.0
35667,R,
35717,R,385.0
35749,R,
35779,L,319.0
35802,R,890.0
35844,R,353.0
35855,L,591.0
35881,R,27.0
35918,R,600.0
35935,R,338.0
35948,L,557.0
36002,R,125.0
36051,L,856.0
36162,R,296.0
36217,R,722.0
36288,R,
36380,L,596.0
36433,R,1021.0
36454,R,264.0
36490,R,154.0
36522,R,285.0
36531,R,
36547,R,
36613,R,220.0
36648,R,27.0
36705,R,354.0
36727,R,321.0
36744,R,105.0
36757,R,220.0
36799,R,249.0
36820,R,460.0
36837,R,276.0
36878,R,75.0
36897,L,379.0
36953,R,370.0
36996,L,218.0
37023,L,26.0
37034,L,221.0
37056,R,
37110,R,98.0
37142,R,229.0
37201,R,672.0
37248,R,593.0
37258,R,
37269,R,
37282,L,238.0
37309,L,233.0
37353,R,347.0
37392,R,
37412,R,248.0
37429,R,680.0
37447,R,
37488,R,
37558,R,
37580,R,
37615,R,
37648,R,
37692,R,510.0
37711,R,94.0
37736,L,339.0
37757,R,74.0
37790,R,320.0
37837,R,190.0
37864,L,259.0
37872,R,98.0
37877,R,
37965,L,140.0
38001,R,184.0
38025,R,
38088,R,232.0
38136,R,525.0
38181,R,380.0
38209,L,116.0
38262,R,
38358,L,198.0
38587,R,442.0
38593,L,302.0
38603,R,90.0
38632,R,142.0
38664,R,542.0
38684,R,445.0
38712,R,
38740,R,309.0
38774,R,472.0
38783,R,352.0
38814,R,354.0
38840,R,
38857,R,
38862,R,
38902,L,500.0
38915,R,
38936,R,886.0
38979,R,489.0
38994,R,
39033,R,680.0
39079,R,211.0
39100,R,332.0
39129,R,200.0
39147,R,5.0
39163,R,
39189,R,314.0
39219,R,
39252,R,174.0
39285,R,
39296,R,401.0
39309,R,298.0
39355,R,34.0
39370,R,750.0
39406,L,
39428,R,249.0
39450,R,221.0
39465,R,595.0
39475,R,436.0
39494,R,323.0
39515,L,155.0
39557,L,360.0
39579,R,
39612,R,
39626,R,378.0
39653,R,98.0
40013,R,
40042,R,58.0
40106,R,
40166,R,
40194,R,977.0
40223,R,483.0
40237,R,232.0
40268,R,802.0
40305,L,463.0
40355,R,203.0
40362,R,297.0
40439,R,98.0
40450,R,
40454,R,410.0
40481,R,
40521,R,252.0
40591,R,588.0
40715,L,
40773,R,262.0
40947,R,459.0
41000,R,277.0
41142,R,17.0
41476,R,316.0
41555,R,402.0
41573,R,
41590,R,
41709,R,511.0
41727,R,
41737,L,36.0
41783,L,
41826,R,259.0
41846,R,
41893,R,566.0
41940,L,298.0
41973,R,600.0
41997,R,
42012,R,377.0
42019,R,
42030,R,354.0
42054,L,
42078,R,325.0
42113,R,317.0
42158,L,214.0
42192,L,62.0
42210,R,629.0
42257,L,581.0
42298,R,688.0
42354,R,
42374,L,
42402,R,564.0
42452,R,185.0
42519,R,408.0
42553,L,
42586,R,640.0
42608,R,367.0
42658,R,
42741,R,
42765,R,
42802,R,144.0
42815,R,434.0
42860,R,
42917,R,497.0
42975,R,730.0
42992,R,906.0
43020,R,129.0
43044,R,
43122,R,319.0
43158,R,934.0
43193,R,687.0
43229,R,539.0
43266,R,
43301,R,384.0
43407,R,234.0
43472,R,
43530,R,
43550,R,231.0
43565,R,
43713,R,
43815,R,657.0
44110,R,104.0
44133,R,
44186,R,867.0
44199,R,292.0
44237,R,698.0
44273,R,556.0
44299,R,
44356,R,180.0
44773,R,
44862,L,
44900,R,185.0
44952,R,518.0
44987,R,366.0
45022,R,
45106,R,766.0
45130,L,498.0
45141,R,831.0
45176,R,557.0
45195,R,257.0
45220,R,651.0
45244,R,
45286,L,407.0
45299,R,385.0
45338,R,198.0
45355,R,
45390,R,
45408,R,
45419,R,
45435,R,
45488,R,690.0
45541,L,320.0
45570,R,278.0
45587,R,496.0
45617,R,477.0
45637,R,446.0
45652,R,
45679,R,244.0
45782,R,
45814,R,
45827,R,
45847,R,
45935,R,
45987,R,440.0
46021,L,
46058,R,537.0
46088,R,474.0
46126,R,535.0
46168,R,
46220,R,
46279,R,
46354,R,119.0
46386,R,
46391,L,
46436,R,
46482,R,410.0
46513,R,
46753,L,
47237,R,448.0
47269,R,405.0
47365,R,446.0
47415,R,503.0
47465,R,
47518,R,
47568,R,
47581,R,
48843,R,
